<?xml version="1.0" encoding="UTF-8"?>
<project-private xmlns="http://www.netbeans.org/ns/project-private/1">
    <editor-bookmarks xmlns="http://www.netbeans.org/ns/editor-bookmarks/2" lastBookmarkId="0"/>
    <open-files xmlns="http://www.netbeans.org/ns/projectui-open-files/2">
        <group name="POOUNi4"/>
        <group name="Grupo2TIDSMP-G4">
            <file>file:/C:/Users/perez/Documents/NetBeansProjects/Arreglos/src/Vuelo/Vuelo/src/edu/mx/uttt/control/ControlVuelos.java</file>
            <file>file:/C:/Users/perez/Documents/NetBeansProjects/Arreglos/src/Vuelo/Vuelo/src/edu/mx/uttt/vista/InicioBoletos.java</file>
            <file>file:/C:/Users/perez/Documents/NetBeansProjects/Arreglos/src/Vuelo/Vuelo/src/edu/mx/uttt/vista/PruebaTable.java</file>
        </group>
    </open-files>
</project-private>
