<?xml version="1.0" encoding="UTF-8"?>
<project-private xmlns="http://www.netbeans.org/ns/project-private/1">
    <editor-bookmarks xmlns="http://www.netbeans.org/ns/editor-bookmarks/2" lastBookmarkId="0"/>
    <open-files xmlns="http://www.netbeans.org/ns/projectui-open-files/2">
        <group>
            <file>file:/C:/Users/gabod/Desktop/ExcelPE/AyudanteEstadistico-master/src/Formularios/btn_images/Img_Btn_Empezar_Hover.png</file>
            <file>file:/C:/Users/gabod/Desktop/ExcelPE/AyudanteEstadistico-master/src/Formularios/btn_images/Img_Btn_Mostrar_Resultados.png</file>
            <file>file:/C:/Users/gabod/Desktop/ExcelPE/AyudanteEstadistico-master/src/Formularios/btn_images/Img_Btn_Regresar.png</file>
            <file>file:/C:/Users/gabod/Desktop/ExcelPE/AyudanteEstadistico-master/src/OperacionesEstadisticas/Varianza.java</file>
            <file>file:/C:/Users/gabod/Desktop/ExcelPE/AyudanteEstadistico-master/src/Formularios/btn_images/Img_Btn_Mostrar_Resultados_Hover.png</file>
            <file>file:/C:/Users/gabod/Desktop/ExcelPE/AyudanteEstadistico-master/src/Formularios/btn_images/Img_Btn_Regresar_Hover.png</file>
            <file>file:/C:/Users/gabod/Desktop/ExcelPE/AyudanteEstadistico-master/src/Formularios/FrmAyudanteEstadistico.java</file>
            <file>file:/C:/Users/gabod/Desktop/ExcelPE/AyudanteEstadistico-master/src/Formularios/btn_images/Img_Btn_Realizar_Analisis_Hover.png</file>
            <file>file:/C:/Users/gabod/Desktop/ExcelPE/AyudanteEstadistico-master/src/Formularios/btn_images/Img_Btn_Realizar_Analisis.png</file>
            <file>file:/C:/Users/gabod/Desktop/ExcelPE/AyudanteEstadistico-master/src/Formularios/btn_images/Img_Btn_Seleccionar_Archivo_hover.png</file>
        </group>
    </open-files>
</project-private>
